team_id,team_name,rl_ids,team_crest,team_url
2wZHnGDH,Nordsjaelland,DENMARK_SUPERLIGA___ROUND_19,https://static.flashscore.com/res/image/data/nuSqtrjl-QqCnhlpU.png,https://www.flashscore.com/team/nordsjaelland/2wZHnGDH/
42ectuVa,Sonderjyske,DENMARK_SUPERLIGA___ROUND_19,https://static.flashscore.com/res/image/data/lOIdvbxS-jTh33WB7.png,https://www.flashscore.com/team/sonderjyske/42ectuVa/
ncCrJwbI,Budafoki,HUNGARY_NB_II.___ROUND_17,https://static.flashscore.com/res/image/data/vwtZ3eyB-A5kBMfAs.png,https://www.flashscore.com/team/budafoki-mte/ncCrJwbI/
fHXrBYWe,Honved,HUNGARY_NB_II.___ROUND_17,https://static.flashscore.com/res/image/data/jHYI6seM-0bbECxUd.png,https://www.flashscore.com/team/honved/fHXrBYWe/
IR6wGG9k,Darnes,LIBYA_PREMIER_LEAGUE___ROUND_9,https://static.flashscore.com/res/image/data/d4sQlueM-zk4aE9AK.png,https://www.flashscore.com/team/darnes/O86tie4p/
O86tie4p,Al-Anwar,LIBYA_PREMIER_LEAGUE___ROUND_9,https://static.flashscore.com/res/image/data/v1Pwk8g5-UNk9hvUA.png,https://www.flashscore.com/team/al-anwar/IR6wGG9k/
llLECalm,Ham-Kam U19,NORWAY_NASJONAL_U19_CL___ROUND_2,https://static.flashscore.com/res/image/data/ripnkNZA-viQDCQMO.png,https://www.flashscore.com/team/ham-kam/OxKA1qME/
OxKA1qME,Fredrikstad U19,NORWAY_NASJONAL_U19_CL___ROUND_2,https://static.flashscore.com/res/image/data/xr5sEQEG-2TR9D67I.png,https://www.flashscore.com/team/fredrikstad/llLECalm/
xvlutr9k,Gicumbi,RWANDA_PREMIER_LEAGUE,https://static.flashscore.com/res/image/data/G0bY6CxS-OnWab9yA.png,https://www.flashscore.com/team/gicumbi/lWbeaW9A/
lWbeaW9A,Amagaju,RWANDA_PREMIER_LEAGUE,https://static.flashscore.com/res/image/data/fN3iWlZA-8Y2rT0sN.png,https://www.flashscore.com/team/amagaju/xvlutr9k/
rsn2kwrL,Hibernian W,SCOTLAND_SWPL_1_WOMEN___ROUND_17,https://static.flashscore.com/res/image/data/zRsWDtGG-MRczYjyO.png,https://www.flashscore.com/team/hibernian/rsn2kwrL/
bk6V7D54,Motherwell W,SCOTLAND_SWPL_1_WOMEN___ROUND_17,https://static.flashscore.com/res/image/data/IPlUSmXg-lGG6JDDB.png,https://www.flashscore.com/team/motherwell/bk6V7D54/
QyHHzdwl,Valladolid,SPAIN_LALIGA2___ROUND_25,https://static.flashscore.com/res/image/data/pCJjU8yB-htRvrFH6.png,https://www.flashscore.com/team/valladolid/zkpajjvm/
zkpajjvm,Castellon,SPAIN_LALIGA2___ROUND_25,https://static.flashscore.com/res/image/data/lxWg57g5-zBFXR8iF.png,https://www.flashscore.com/team/castellon/QyHHzdwl/
Ov2LFx62,Servette,SWITZERLAND_SUPER_LEAGUE___ROUND_23,https://static.flashscore.com/res/image/data/ADJQpbh5-vJvKsfHT.png,https://www.flashscore.com/team/servette/Ov2LFx62/
4WElAd9p,Thun,SWITZERLAND_SUPER_LEAGUE___ROUND_23,https://static.flashscore.com/res/image/data/A7C06hf5-xbUiUE46.png,https://www.flashscore.com/team/thun/4WElAd9p/
YeeY7sb7,Dodoma Jiji,TANZANIA_LIGI_KUU_BARA___ROUND_16,https://static.flashscore.com/res/image/data/d0npsVh5-0SL5ozs0.png,https://www.flashscore.com/team/dodoma-jiji/YeeY7sb7/
OfxyFWsl,Kinondoni MC,TANZANIA_LIGI_KUU_BARA___ROUND_16,https://static.flashscore.com/res/image/data/44pu3pg5-pzrVpTTm.png,https://www.flashscore.com/team/kinondoni-mc/OfxyFWsl/
C2lt6Igm,CS Sfaxien,TUNISIA_LIGUE_PROFESSIONNELLE_1___ROUND_20,https://static.flashscore.com/res/image/data/p8kZTpYg-8QjOsK1t.png,https://www.flashscore.com/team/cs-sfaxien/2BJIkFqL/
2BJIkFqL,Club Africain,TUNISIA_LIGUE_PROFESSIONNELLE_1___ROUND_20,https://static.flashscore.com/res/image/data/MmqUP4GG-bob4M53H.png,https://www.flashscore.com/team/club-africain/C2lt6Igm/
EFY2qsJc,Sohar,OMAN_PROFESSIONAL_LEAGUE___ROUND_13,https://static.flashscore.com/res/image/data/KE65ssFG-lzFPYVm9.png,https://www.flashscore.com/team/sohar/EFY2qsJc/
fRoavPcE,Sur Club,OMAN_PROFESSIONAL_LEAGUE___ROUND_13,https://static.flashscore.com/res/image/data/AkhAuOZA-QBtY82ON.png,https://www.flashscore.com/team/sur-club/fRoavPcE/
ER0XiGC0,Altach,AUSTRIA_BUNDESLIGA___ROUND_18,https://static.flashscore.com/res/image/data/42Zzu6Wg-zgOmlRAG.png,https://www.flashscore.com/team/altach/ER0XiGC0/
KIrFH87n,BW Linz,AUSTRIA_BUNDESLIGA___ROUND_18,https://static.flashscore.com/res/image/data/0lL9EhyB-6ovmkrPK.png,https://www.flashscore.com/team/bw-linz/KIrFH87n/
rVfjdq9o,AlbinoLeffe,ITALY_SERIE_C___GROUP_A___ROUND_25,https://static.flashscore.com/res/image/data/tza6r7dM-dxYsidUO.png,https://www.flashscore.com/team/albinoleffe/rVfjdq9o/
z7SoCKCQ,Pro Patria,ITALY_SERIE_C___GROUP_A___ROUND_25,https://static.flashscore.com/res/image/data/Kj07LQEG-xflVFLdE.png,https://www.flashscore.com/team/pro-patria/z7SoCKCQ/
G63MpFC5,Al Hilal Manaqil,SUDAN_PREMIER_LEAGUE,https://static.flashscore.com/res/image/data/fyEo5xeM-vNEevJH1.png,https://www.flashscore.com/team/al-hilal-manaqil/G63MpFC5/
zJPeRwp8,Rabita Kosti,SUDAN_PREMIER_LEAGUE,https://static.flashscore.com/res/image/data/4EhgE3Cr-Ygsd4y40.png,https://www.flashscore.com/team/rabita-kosti/zJPeRwp8/
Ys2Mm9XC,Qatar U20,WORLD_FRIENDLY_INTERNATIONAL,https://static.flashscore.com/res/image/data/S23PLpdM-phc5aQcO.png,https://www.flashscore.com/team/qatar/Ys2Mm9XC/
URfSCEoD,United Arab Emirates U20,WORLD_FRIENDLY_INTERNATIONAL,https://static.flashscore.com/res/image/data/tt4GbLzB-OOVIImbn.png,https://www.flashscore.com/team/united-arab-emirates/URfSCEoD/
2XrRecc3,Brighton,ENGLAND_PREMIER_LEAGUE___ROUND_25,https://static.flashscore.com/res/image/data/40juIezB-b92lfEJC.png,https://www.flashscore.com/team/brighton/2XrRecc3/
AovF1Mia,Crystal Palace,ENGLAND_PREMIER_LEAGUE___ROUND_25,https://static.flashscore.com/res/image/data/AFNlsDzS-pzMOQXRe.png,https://www.flashscore.com/team/crystal-palace/AovF1Mia/
GIR5AAUn,Santa Green,BOTSWANA_PREMIER_LEAGUE___ROUND_19,https://static.flashscore.com/res/image/data/ALcR9RDa-zmu44UuH.png,https://www.flashscore.com/team/santa-green/zet5dC15/
zet5dC15,Centre Chiefs,BOTSWANA_PREMIER_LEAGUE___ROUND_19,https://static.flashscore.com/res/image/data/KSHBagYA-2BxvuElH.png,https://www.flashscore.com/team/centre-chiefs/GIR5AAUn/
448T3rTI,Varazdin,CROATIA_HNL___ROUND_21,https://static.flashscore.com/res/image/data/I3Ae1kZA-CCW2Z0Rb.png,https://www.flashscore.com/team/varazdin/Wv0GNPrm/
Wv0GNPrm,Osijek,CROATIA_HNL___ROUND_21,https://static.flashscore.com/res/image/data/nNYioZhl-OKctcAHF.png,https://www.flashscore.com/team/osijek/448T3rTI/
4lUZQCQq,APOEL,CYPRUS_CYPRUS_LEAGUE___ROUND_21,https://static.flashscore.com/res/image/data/6eTv2lCr-dM5j1Xkq.png,https://www.flashscore.com/team/apoel/OKJwmfm3/
OKJwmfm3,AEK Larnaca,CYPRUS_CYPRUS_LEAGUE___ROUND_21,https://static.flashscore.com/res/image/data/Ot5VROHG-rgYuXGKm.png,https://www.flashscore.com/team/aek-larnaca/4lUZQCQq/
ro3DSjf2,Lyon W,FRANCE_PREMIERE_LIGUE_WOMEN___ROUND_15,https://static.flashscore.com/res/image/data/29unvygl-lQ79UTyq.png,https://www.flashscore.com/team/lyon/ro3DSjf2/
foAoSLaL,St Etienne W,FRANCE_PREMIERE_LIGUE_WOMEN___ROUND_15,https://static.flashscore.com/res/image/data/nFWiTiBr-dGdlku5l.png,https://www.flashscore.com/team/st-etienne/foAoSLaL/
ANpZncAM,Panserraikos,GREECE_SUPER_LEAGUE___ROUND_20,https://static.flashscore.com/res/image/data/EwjQjwyB-8OJEOksa.png,https://www.flashscore.com/team/panserraikos/YqtVj85g/
YqtVj85g,AEK Athens,GREECE_SUPER_LEAGUE___ROUND_20,https://static.flashscore.com/res/image/data/vHCp8QeM-Aq4Rjd2q.png,https://www.flashscore.com/team/aek/ANpZncAM/
GQ9U7c4T,Hafnarfjordur W,ICELAND_LEAGUE_CUP_WOMEN___ROUND_1,https://static.flashscore.com/res/image/data/KrcJK9Ar-U3LllPAj.png,https://www.flashscore.com/team/hafnarfjordur/ED8tmWnM/
ED8tmWnM,Grindavik/Njardvik W,ICELAND_LEAGUE_CUP_WOMEN___ROUND_1,https://static.flashscore.com/res/image/data/08lzPhzB-Qqr1pxYk.png,https://www.flashscore.com/team/grindavik-njardvik/GQ9U7c4T/
A332L1f5,Monza,ITALY_SERIE_B___ROUND_23,https://static.flashscore.com/res/image/data/SUTtpvDa-8zvPU7k3.png,https://www.flashscore.com/team/monza/4YSMlwj7/
4YSMlwj7,Avellino,ITALY_SERIE_B___ROUND_23,https://static.flashscore.com/res/image/data/jDqtEszB-dp0XifTb.png,https://www.flashscore.com/team/avellino/A332L1f5/
x6Gk5894,Juventus U20,ITALY_PRIMAVERA_1___ROUND_24,https://static.flashscore.com/res/image/data/jJZSR9HG-GtNb9h2q.png,https://www.flashscore.com/team/juventus/x6Gk5894/
KrX7Gyx7,Verona U20,ITALY_PRIMAVERA_1___ROUND_24,https://static.flashscore.com/res/image/data/KdjM3dBr-6uyXbx77.png,https://www.flashscore.com/team/verona/KrX7Gyx7/
v9ycT7TE,Machokha,LESOTHO_PREMIER_LEAGUE___ROUND_18,https://static.flashscore.com/res/image/data/hMAwbZxS-GEh10UgP.png,https://www.flashscore.com/team/machokha/GQDfUTHj/
GQDfUTHj,LMPS,LESOTHO_PREMIER_LEAGUE___ROUND_18,https://static.flashscore.com/res/image/data/2yVqCnjl-U3Hcth5Q.png,https://www.flashscore.com/team/lmps/v9ycT7TE/
O4ORhR6N,Jeunesse Esch,LUXEMBOURG_BGL_LIGUE___ROUND_16,https://static.flashscore.com/res/image/data/r5w26Mhl-IDTUhVTJ.png,https://www.flashscore.com/team/jeunesse-esch/xEsd9oqh/
xEsd9oqh,Bissen,LUXEMBOURG_BGL_LIGUE___ROUND_16,https://static.flashscore.com/res/image/data/d6bgILDa-xp9MKGr2.png,https://www.flashscore.com/team/bissen/O4ORhR6N/
nTlVS1jS,Fiorentino,SAN_MARINO_CAMPIONATO_SAMMARINESE___ROUND_20,https://static.flashscore.com/res/image/data/O4jUOqAr-h8gApWqJ.png,https://www.flashscore.com/team/fiorentino/nTlVS1jS/
ARyhbSD9,Folgore,SAN_MARINO_CAMPIONATO_SAMMARINESE___ROUND_20,https://static.flashscore.com/res/image/data/2L8cuazB-WSoqOAv8.png,https://www.flashscore.com/team/folgore/ARyhbSD9/
WG9pOTse,FC Koln,GERMANY_BUNDESLIGA___ROUND_21,https://static.flashscore.com/res/image/data/8hxnRHEa-86lnAaq9.png,https://www.flashscore.com/team/1-fc-koln/WG9pOTse/
KbS1suSm,RB Leipzig,GERMANY_BUNDESLIGA___ROUND_21,https://static.flashscore.com/res/image/data/02lwXYkl-WvvSE8Dm.png,https://www.flashscore.com/team/rb-leipzig/KbS1suSm/
8fXi1zgC,Kano Pillars,NIGERIA_NPFL___ROUND_25,https://static.flashscore.com/res/image/data/p2HwVgDa-SMiiurvd.png,https://www.flashscore.com/team/kano-pillars/8fXi1zgC/
zkQvu47B,Remo Stars,NIGERIA_NPFL___ROUND_25,https://static.flashscore.com/res/image/data/SOmVd0ZA-jZRvn4Ng.png,https://www.flashscore.com/team/remo-stars/zkQvu47B/
Uu7c0kf9,Zilina,SLOVAKIA_NIKE_LIGA___ROUND_19,https://static.flashscore.com/res/image/data/40RplbCa-xGFNNID8.png,https://www.flashscore.com/team/zilina/8tSMqaer/
8tSMqaer,Komarno,SLOVAKIA_NIKE_LIGA___ROUND_19,https://static.flashscore.com/res/image/data/WxnOKTzS-Qoijdizi.png,https://www.flashscore.com/team/komarno/Uu7c0kf9/
K0H6jm7P,Royale Union SG,BELGIUM_JUPILER_PRO_LEAGUE___ROUND_24,https://static.flashscore.com/res/image/data/0UfH7zXg-KrZtIamS.png,https://www.flashscore.com/team/royale-union-sg/407h8Ird/
407h8Ird,RAAL La Louviere,BELGIUM_JUPILER_PRO_LEAGUE___ROUND_24,https://static.flashscore.com/res/image/data/jLWSjaXg-2LLiS83t.png,https://www.flashscore.com/team/raal-la-louviere/K0H6jm7P/
8EyXqyoo,Beveren,BELGIUM_CHALLENGER_PRO_LEAGUE___ROUND_24,https://static.flashscore.com/res/image/data/AND1LGDa-YXZ1fKJ8.png,https://www.flashscore.com/team/sk-beveren/QaqfE8WE/
QaqfE8WE,Lommel SK,BELGIUM_CHALLENGER_PRO_LEAGUE___ROUND_24,https://static.flashscore.com/res/image/data/211UWHjl-GvU2Aojq.png,https://www.flashscore.com/team/lommel-sk/8EyXqyoo/
A7jUvKwQ,ASVO,BENIN_LIGUE_1___ROUND_17,https://static.flashscore.com/res/image/data/prdE8ah5-hAfaVTf9.png,https://www.flashscore.com/team/asvo/A7jUvKwQ/
tjs0Zc1m,JS Pobe,BENIN_LIGUE_1___ROUND_17,https://static.flashscore.com/res/image/data/h6rHs7ZA-A9F7RDGM.png,https://www.flashscore.com/team/js-pob/tjs0Zc1m/
xUZ5xVki,Renaissance Zemamra,MOROCCO_BOTOLA_PRO___ROUND_11,https://static.flashscore.com/res/image/data/EZigHDFG-63LcsWgs.png,https://www.flashscore.com/team/renaissance-zemamra/M50CklHf/
M50CklHf,IR Tanger,MOROCCO_BOTOLA_PRO___ROUND_11,https://static.flashscore.com/res/image/data/lr4B35Cr-EkEyeNaE.png,https://www.flashscore.com/team/ir-tanger/xUZ5xVki/
djPpJ4we,Guadalajara,SPAIN_PRIMERA_RFEF___GROUP_1___ROUND_23,https://static.flashscore.com/res/image/data/hU82jLYA-6eLP6Vlk.png,https://www.flashscore.com/team/guadalajara/WhhSCpFP/
WhhSCpFP,Arenas Getxo,SPAIN_PRIMERA_RFEF___GROUP_1___ROUND_23,https://static.flashscore.com/res/image/data/CAJQzFh5-jiiAIOFt.png,https://www.flashscore.com/team/arenas-getxo/djPpJ4we/
SEksXw9A,Servette Geneve FC W,SWITZERLAND_SUPER_LEAGUE_WOMEN___ROUND_13,https://static.flashscore.com/res/image/data/4l8Zigjl-8M2EDAek.png,https://www.flashscore.com/team/servette/SEksXw9A/
j5mhWQQc,Zurich W,SWITZERLAND_SUPER_LEAGUE_WOMEN___ROUND_13,https://static.flashscore.com/res/image/data/8vRMwBXg-rXtfmGF6.png,https://www.flashscore.com/team/zurich/j5mhWQQc/
tbHQUIAt,Bobo-Dioulasso,BURKINA_FASO_PREMIER_LEAGUE___ROUND_18,https://static.flashscore.com/res/image/data/OUqZxdjl-KQaTyG74.png,https://www.flashscore.com/team/bobo-dioulasso/tbHQUIAt/
vohISguL,Sporting Cascades,BURKINA_FASO_PREMIER_LEAGUE___ROUND_18,https://static.flashscore.com/res/image/data/6stoEzxS-QLiQikuk.png,https://www.flashscore.com/team/sporting-cascades/vohISguL/
joO7tfhP,Figueirense,BRAZIL_CATARINENSE___RELEGATION_GROUP___ROUND_2,https://static.flashscore.com/res/image/data/UoIPgeyB-lGWmJ4QE.png,https://www.flashscore.com/team/figueirense/joO7tfhP/
QamTNjZC,Joinville,BRAZIL_CATARINENSE___RELEGATION_GROUP___ROUND_2,https://static.flashscore.com/res/image/data/llyvUmAr-UXxReu5B.png,https://www.flashscore.com/team/joinville/QamTNjZC/
I1DMa0eR,Dep. Pasto,COLOMBIA_PRIMERA_A___APERTURA___ROUND_5,https://static.flashscore.com/res/image/data/rPpVBxZg-hjn5AE5Q.png,https://www.flashscore.com/team/dep-pasto/GdemgvJl/
GdemgvJl,Bucaramanga,COLOMBIA_PRIMERA_A___APERTURA___ROUND_5,https://static.flashscore.com/res/image/data/Eovph8GG-0xyt4W2g.png,https://www.flashscore.com/team/bucaramanga/I1DMa0eR/
rN3Jxc8g,A. Italiano,CHILE_LIGA_DE_PRIMERA___ROUND_2,https://static.flashscore.com/res/image/data/fZSe86hl-6kEqxN0C.png,https://www.flashscore.com/team/a-italiano/rN3Jxc8g/
6BcMMext,U. De Concepcion,CHILE_LIGA_DE_PRIMERA___ROUND_2,https://static.flashscore.com/res/image/data/nmpUa0FG-Eq74Jcjl.png,https://www.flashscore.com/team/u-de-concepcion/6BcMMext/
EogpxU3p,Sp. Luqueno,PARAGUAY_COPA_DE_PRIMERA___APERTURA___ROUND_4,https://static.flashscore.com/res/image/data/6BPq9VdM-4GUthy9Q.png,https://www.flashscore.com/team/sp-luqueno/EogpxU3p/
pxVtG7lc,Ameliano,PARAGUAY_COPA_DE_PRIMERA___APERTURA___ROUND_4,https://static.flashscore.com/res/image/data/ruDjw6fM-zLKsTEF7.png,https://www.flashscore.com/team/sportivo-ameliano/pxVtG7lc/
UBvz183i,Betim,BRAZIL_MINEIRO___ROUND_7,https://static.flashscore.com/res/image/data/4K0tqhwS-tnFvEl3l.png,https://www.flashscore.com/team/betim-fc/UBvz183i/
lrhr3fXN,Itabirito,BRAZIL_MINEIRO___ROUND_7,https://static.flashscore.com/res/image/data/j7sgGUkl-zVwGfYh0.png,https://www.flashscore.com/team/itabirito/lrhr3fXN/
K4Nn6Z08,Anzoategui FC,VENEZUELA_LIGA_FUTVE___APERTURA___ROUND_2,https://static.flashscore.com/res/image/data/CxfuKlYg-zHGRfy9D.png,https://www.flashscore.com/team/academia-anzoategui/K4Nn6Z08/
l0k1Tw5i,Rayo Zuliano,VENEZUELA_LIGA_FUTVE___APERTURA___ROUND_2,https://static.flashscore.com/res/image/data/S0YLLaGG-W6G6DmEi.png,https://www.flashscore.com/team/rayo-zuliano/l0k1Tw5i/
0dHZReql,Central Cordoba,ARGENTINA_LIGA_PROFESIONAL___APERTURA___ROUND_4,https://static.flashscore.com/res/image/data/6XE3LlZg-E7RqoQaq.png,https://www.flashscore.com/team/central-cordoba-santiago-del-estero/0dHZReql/
lr2YMkTK,Union de Santa Fe,ARGENTINA_LIGA_PROFESIONAL___APERTURA___ROUND_4,https://static.flashscore.com/res/image/data/YuZso7jl-OS9FbeGg.png,https://www.flashscore.com/team/union-de-santa-fe/lr2YMkTK/
jJvKtzFj,Emulation,MARTINIQUE_TROPHEE_GERARD_JANVION___ROUND_15,https://static.flashscore.com/res/image/data/pQGDfOwS-UXYkRg50.png,https://www.flashscore.com/team/emulation/jJvKtzFj/
dShMo0xi,Golden Star,MARTINIQUE_TROPHEE_GERARD_JANVION___ROUND_15,https://static.flashscore.com/res/image/data/tMQ5zfFG-4lnf1SWh.png,https://www.flashscore.com/team/golden-star/dShMo0xi/
0dgkOuls,Franciscain,MARTINIQUE_TROPHEE_GERARD_JANVION___ROUND_15,https://static.flashscore.com/res/image/data/MLkQJwGG-6BJ2ugJH.png,https://www.flashscore.com/team/franciscain/rNh5HFBh/
rNh5HFBh,Club Colonial,MARTINIQUE_TROPHEE_GERARD_JANVION___ROUND_15,https://static.flashscore.com/res/image/data/A5eVISAr-vDRM7h3C.png,https://www.flashscore.com/team/club-colonial/0dgkOuls/
zJiQpKic,Golden Lion,MARTINIQUE_TROPHEE_GERARD_JANVION___ROUND_15,https://static.flashscore.com/res/image/data/ljoEixYg-dtSyQHbT.png,https://www.flashscore.com/team/golden-lion/zJiQpKic/
W27yf4QG,Morne des Esses,MARTINIQUE_TROPHEE_GERARD_JANVION___ROUND_15,https://static.flashscore.com/res/image/data/hxF5m6Br-UwChcBp3.png,https://www.flashscore.com/team/morne-des-esses/W27yf4QG/
MwQz79uA,Trenelle,MARTINIQUE_TROPHEE_GERARD_JANVION___ROUND_15,https://static.flashscore.com/res/image/data/p0Vbkvgl-K6FlGxT9.png,https://www.flashscore.com/team/trenelle/h631gDbd/
h631gDbd,Aiglon Lamentin,MARTINIQUE_TROPHEE_GERARD_JANVION___ROUND_15,https://static.flashscore.com/res/image/data/SCWIAWdM-bkE3Ly7p.png,https://www.flashscore.com/team/aiglon-lamentin/MwQz79uA/
vurQNrno,La Horquetta,TRINIDAD_AND_TOBAGO_TT_PREMIER_LEAGUE,https://static.flashscore.com/res/image/data/0reTonCa-Mc20XpUk.png,https://www.flashscore.com/team/la-horquetta/GSC7hOKE/
GSC7hOKE,Central FC,TRINIDAD_AND_TOBAGO_TT_PREMIER_LEAGUE,https://static.flashscore.com/res/image/data/6DwvYDCr-6stL8agi.png,https://www.flashscore.com/team/central-fc/vurQNrno/
U9v7QSIL,Wanderers,URUGUAY_LIGA_AUF_URUGUAYA___APERTURA___ROUND_1,https://static.flashscore.com/res/image/data/WCc1ByCa-zFwegNb8.png,https://www.flashscore.com/team/wanderers/dvF4FAJd/
dvF4FAJd,Defensor Sp.,URUGUAY_LIGA_AUF_URUGUAYA___APERTURA___ROUND_1,https://static.flashscore.com/res/image/data/UgKB6TzS-vZdejfYC.png,https://www.flashscore.com/team/defensor-sp/U9v7QSIL/
OYSN90J0,Necaxa,MEXICO_LIGA_MX___CLAUSURA___ROUND_5,https://static.flashscore.com/res/image/data/IZhXqhXg-8rY7at7H.png,https://www.flashscore.com/team/necaxa/nw32pOQD/
nw32pOQD,Atl. San Luis,MEXICO_LIGA_MX___CLAUSURA___ROUND_5,https://static.flashscore.com/res/image/data/2oiKZ6ZA-dG08RUsN.png,https://www.flashscore.com/team/atletico-san-luis/OYSN90J0/
EBPEFrRQ,Tigres UANL,MEXICO_LIGA_MX___CLAUSURA___ROUND_5,https://static.flashscore.com/res/image/data/h2nbvbZA-IJnFXA9L.png,https://www.flashscore.com/team/tigres-uanl/Iy4albIC/
Iy4albIC,Santos Laguna,MEXICO_LIGA_MX___CLAUSURA___ROUND_5,https://static.flashscore.com/res/image/data/foFgA8Cr-bmPslben.png,https://www.flashscore.com/team/santos-laguna/EBPEFrRQ/
0AiC6BNB,Malacateco,GUATEMALA_LIGA_NACIONAL___CLAUSURA___ROUND_5,https://static.flashscore.com/res/image/data/4AklNJh5-Kd6FFBdj.png,https://www.flashscore.com/team/malacateco/0AiC6BNB/
r5ooNVip,Municipal,GUATEMALA_LIGA_NACIONAL___CLAUSURA___ROUND_5,https://static.flashscore.com/res/image/data/MZYiJsf5-vTLj5hDm.png,https://www.flashscore.com/team/municipal/r5ooNVip/
2ugBHosE,Tepatitlan de Morelos,MEXICO_LIGA_DE_EXPANSION_MX___CLAUSURA___ROUND_5,https://static.flashscore.com/res/image/data/dpxlFqCa-2JfCVxx6.png,https://www.flashscore.com/team/tepatitlan-de-morelos/IT36ygAH/
IT36ygAH,Correcaminos,MEXICO_LIGA_DE_EXPANSION_MX___CLAUSURA___ROUND_5,https://static.flashscore.com/res/image/data/hpAaJcyB-EcnnWKX6.png,https://www.flashscore.com/team/correcaminos/2ugBHosE/
IL2ZQcXn,Juticalpa,HONDURAS_LIGA_NACIONAL___CLAUSURA___ROUND_4,https://static.flashscore.com/res/image/data/MkKgIMWg-dtnFGY4p.png,https://www.flashscore.com/team/juticalpa/SUJOXqvc/
SUJOXqvc,Genesis,HONDURAS_LIGA_NACIONAL___CLAUSURA___ROUND_4,https://static.flashscore.com/res/image/data/QFrVkVkl-SrRE3YiP.png,https://www.flashscore.com/team/genesis-fc/IL2ZQcXn/
SpOmxEoR,Venados,MEXICO_LIGA_DE_EXPANSION_MX___CLAUSURA___ROUND_5,https://static.flashscore.com/res/image/data/2qXUp9f5-YufGFV7m.png,https://www.flashscore.com/team/venados-fc/bXXGgrk7/
bXXGgrk7,Alebrijes Oaxaca,MEXICO_LIGA_DE_EXPANSION_MX___CLAUSURA___ROUND_5,https://static.flashscore.com/res/image/data/0KLjcaCr-2u4uDeVT.png,https://www.flashscore.com/team/alebrijes-de-oaxaca/SpOmxEoR/
Or0HiKbh,El Salvador U17,NORTH_&_CENTRAL_AMERICA_WORLD_CUP_U17___QUALIFICATION___ROUND_1,https://static.flashscore.com/res/image/data/K0mrZHdM-EukgbQAP.png,https://www.flashscore.com/team/el-salvador/80nz5t77/
80nz5t77,Belize U17,NORTH_&_CENTRAL_AMERICA_WORLD_CUP_U17___QUALIFICATION___ROUND_1,https://static.flashscore.com/res/image/data/O6c7NgyS-86hNCjlr.png,https://www.flashscore.com/team/belize/Or0HiKbh/
KK3uaVTf,Honduras U17,NORTH_&_CENTRAL_AMERICA_WORLD_CUP_U17___QUALIFICATION___ROUND_1,https://static.flashscore.com/res/image/data/fuSfRhYA-80wlfMOL.png,https://www.flashscore.com/team/honduras/KK3uaVTf/
SrNHLvAc,Suriname U17,NORTH_&_CENTRAL_AMERICA_WORLD_CUP_U17___QUALIFICATION___ROUND_1,https://static.flashscore.com/res/image/data/0SnPVkzB-MekPOZFe.png,https://www.flashscore.com/team/suriname/SrNHLvAc/
p2ADRKlk,Ind. Medellin,COLOMBIA_PRIMERA_A___APERTURA___ROUND_5,https://static.flashscore.com/res/image/data/lMyrsdhl-plopiAtN.png,https://www.flashscore.com/team/ind-medellin/p2ADRKlk/
KK2QOIY7,Inter Bogot√°,COLOMBIA_PRIMERA_A___APERTURA___ROUND_5,https://static.flashscore.com/res/image/data/xCeMUuZg-nouesssi.png,https://www.flashscore.com/team/inter-bogota/KK2QOIY7/
4AbEbdag,Pachuca W,MEXICO_LIGA_MX_WOMEN___CLAUSURA___ROUND_7,https://static.flashscore.com/res/image/data/I7pOemDa-K2yCsQaB.png,https://www.flashscore.com/team/pachuca/pAYgm4Ei/
pAYgm4Ei,Mazatlan FC W,MEXICO_LIGA_MX_WOMEN___CLAUSURA___ROUND_7,https://static.flashscore.com/res/image/data/vgqjZlXg-GAzQOL0c.png,https://www.flashscore.com/team/mazatlan-fc/4AbEbdag/
hjzxSMAK,San Francisco,PANAMA_LPF___CLAUSURA___ROUND_4,https://static.flashscore.com/res/image/data/tdXvVyCr-vTLj5hDm.png,https://www.flashscore.com/team/san-francisco/COo0iase/
COo0iase,Independiente,PANAMA_LPF___CLAUSURA___ROUND_4,https://static.flashscore.com/res/image/data/p4mDhpZg-nXJKIqpI.png,https://www.flashscore.com/team/independiente/hjzxSMAK/
jgPa69ID,Liberia,COSTA_RICA_PRIMERA_DIVISION___CLAUSURA___ROUND_6,https://static.flashscore.com/res/image/data/rF8lLADa-Asw8NYvF.png,https://www.flashscore.com/team/liberia/jgPa69ID/
bqElF1MD,Puntarenas FC,COSTA_RICA_PRIMERA_DIVISION___CLAUSURA___ROUND_6,https://static.flashscore.com/res/image/data/86Cp41Wg-E9M87ZAr.png,https://www.flashscore.com/team/puntarenas-fc/bqElF1MD/
zsGcWCUm,Monterrey W,MEXICO_LIGA_MX_WOMEN___CLAUSURA___ROUND_7,https://static.flashscore.com/res/image/data/8bttFtjl-YFlufF9q.png,https://www.flashscore.com/team/monterrey/CE4Qf9AJ/
CE4Qf9AJ,Club Tijuana W,MEXICO_LIGA_MX_WOMEN___CLAUSURA___ROUND_7,https://static.flashscore.com/res/image/data/nyQiQ3il-vTwfVAOb.png,https://www.flashscore.com/team/club-tijuana/zsGcWCUm/
nuNVeQkr,Club Tijuana,MEXICO_LIGA_MX___CLAUSURA___ROUND_5,https://static.flashscore.com/res/image/data/Ascf81eM-tW0QAqsF.png,https://www.flashscore.com/team/club-tijuana/nuNVeQkr/
pO5ijKm0,Puebla,MEXICO_LIGA_MX___CLAUSURA___ROUND_5,https://static.flashscore.com/res/image/data/EkptxjDa-W6vdbCVa.png,https://www.flashscore.com/team/puebla/pO5ijKm0/
lhGQk0Yg,Zacatecas Mineros,MEXICO_LIGA_DE_EXPANSION_MX___CLAUSURA___ROUND_5,https://static.flashscore.com/res/image/data/WOlVFeil-tIJLyja2.png,https://www.flashscore.com/team/zacatecas-mineros/MwA7wxoa/
MwA7wxoa,Atl. Morelia,MEXICO_LIGA_DE_EXPANSION_MX___CLAUSURA___ROUND_5,https://static.flashscore.com/res/image/data/fiEh3eWg-vupRtYdp.png,https://www.flashscore.com/team/club-atletico-morelia/lhGQk0Yg/
Y5TaMKY6,Mazatlan FC,MEXICO_LIGA_MX___CLAUSURA___ROUND_5,https://static.flashscore.com/res/image/data/UeshHRfM-6Z7oEB85.png,https://www.flashscore.com/team/mazatlan-fc/AXl5ehGE/
AXl5ehGE,Guadalajara Chivas,MEXICO_LIGA_MX___CLAUSURA___ROUND_5,https://static.flashscore.com/res/image/data/ro844CyS-lEs0thDm.png,https://www.flashscore.com/team/guadalajara-chivas/Y5TaMKY6/
zNLhJb1S,Chiba,JAPAN_J1_LEAGUE___ROUND_1,https://static.flashscore.com/res/image/data/8YOWGmdM-z735vIvR.png,https://www.flashscore.com/team/chiba/zNLhJb1S/
C8IHSxPk,Urawa Reds,JAPAN_J1_LEAGUE___ROUND_1,https://static.flashscore.com/res/image/data/2iJi3FWg-nqhLBCKD.png,https://www.flashscore.com/team/urawa-reds/C8IHSxPk/
2J7jacL6,Auckland FC,AUSTRALIA_A_LEAGUE___ROUND_16,https://static.flashscore.com/res/image/data/lnqUFayB-6ycCYMs5.png,https://www.flashscore.com/team/auckland-fc/2J7jacL6/
6JsBlXVI,Sydney FC,AUSTRALIA_A_LEAGUE___ROUND_16,https://static.flashscore.com/res/image/data/40aWoCil-WU4sOyqK.png,https://www.flashscore.com/team/sydney-fc/6JsBlXVI/
vLvZ4M49,PNG Hekari,AUSTRALIA_&_OCEANIA_OFC_PRO_LEAGUE___ROUND_2,https://static.flashscore.com/res/image/data/xluoudEG-KIgPT6MF.png,https://www.flashscore.com/team/png-hekari/vLvZ4M49/
QqTDoM3K,South Island United,AUSTRALIA_&_OCEANIA_OFC_PRO_LEAGUE___ROUND_2,https://static.flashscore.com/res/image/data/SSt37BYA-Q1gqJDV3.png,https://www.flashscore.com/team/south-island-united/QqTDoM3K/
8zCQQGg2,FC Tokyo,JAPAN_J1_LEAGUE___ROUND_1,https://static.flashscore.com/res/image/data/pMhqxbXg-EXAie25A.png,https://www.flashscore.com/team/fc-tokyo/8zCQQGg2/
4nNKlKo9,Kashima Antlers,JAPAN_J1_LEAGUE___ROUND_1,https://static.flashscore.com/res/image/data/KzRTl7Ea-4SARfF5k.png,https://www.flashscore.com/team/kashima-antlers/4nNKlKo9/
CzEIJVBd,Auckland FC 2,AUSTRALIA_&_OCEANIA_OFC_PRO_LEAGUE___ROUND_2,https://static.flashscore.com/res/image/data/4tKCDMHG-APRUkJcb.png,https://www.flashscore.com/team/auckland-fc/CzEIJVBd/
4CoZjHu0,Solomon Kings,AUSTRALIA_&_OCEANIA_OFC_PRO_LEAGUE___ROUND_2,https://static.flashscore.com/res/image/data/8G37J4Ea-Q59s0xJl.png,https://www.flashscore.com/team/solomon-kings/4CoZjHu0/
G6Tk4M6t,Giravanz Kitakyushu,JAPAN_J2/J3_LEAGUE___ROUND_1,https://static.flashscore.com/res/image/data/EBXCcgXg-8rl92RC9.png,https://www.flashscore.com/team/giravanz-kitakyushu/00Cp2KYP/
00Cp2KYP,Gainare Tottori,JAPAN_J2/J3_LEAGUE___ROUND_1,https://static.flashscore.com/res/image/data/pjEatiyS-OSwkpK1g.png,https://www.flashscore.com/team/gainare-tottori/G6Tk4M6t/
QeOGk0W2,Iwata,JAPAN_J2/J3_LEAGUE___ROUND_1,https://static.flashscore.com/res/image/data/nPunuMCa-j758IH5f.png,https://www.flashscore.com/team/iwata/QeOGk0W2/
4UgFVol8,Nagano,JAPAN_J2/J3_LEAGUE___ROUND_1,https://static.flashscore.com/res/image/data/46X87uvS-fehuGhVq.png,https://www.flashscore.com/team/nagano-parceiro/4UgFVol8/
KSReC3sk,Kofu,JAPAN_J2/J3_LEAGUE___ROUND_1,https://static.flashscore.com/res/image/data/8n6oZCdM-zXW2uNoG.png,https://www.flashscore.com/team/kofu/4IyNxjsg/
4IyNxjsg,Fukushima Utd,JAPAN_J2/J3_LEAGUE___ROUND_1,https://static.flashscore.com/res/image/data/xKBGUbzB-EoSTw7Jk.png,https://www.flashscore.com/team/fukushima-united/KSReC3sk/
6s0AMsBf,Nara Club,JAPAN_J2/J3_LEAGUE___ROUND_1,https://static.flashscore.com/res/image/data/OYchHyYg-tUBt3qW2.png,https://www.flashscore.com/team/nara-club/6s0AMsBf/
IcwgwCCt,Tokushima,JAPAN_J2/J3_LEAGUE___ROUND_1,https://static.flashscore.com/res/image/data/CW8x8EeM-j9KqC5rP.png,https://www.flashscore.com/team/tokushima/IcwgwCCt/
4MvNs2n5,Tochigi City,JAPAN_J2/J3_LEAGUE___ROUND_1,https://static.flashscore.com/res/image/data/zclXh5Fa-UPlim0Jl.png,https://www.flashscore.com/team/tochigi-city/4MvNs2n5/
lSW1nlRB,Vegalta Sendai,JAPAN_J2/J3_LEAGUE___ROUND_1,https://static.flashscore.com/res/image/data/UmN6bGyS-rkzDkpKt.png,https://www.flashscore.com/team/vegalta-sendai/lSW1nlRB/
0lMXpXdr,Omiya Ardija,JAPAN_J2/J3_LEAGUE___ROUND_1,https://static.flashscore.com/res/image/data/b1f53vEa-U58J6vtM.png,https://www.flashscore.com/team/omiya-ardija/OErJ0IVR/
OErJ0IVR,Yamaga,JAPAN_J2/J3_LEAGUE___ROUND_1,https://static.flashscore.com/res/image/data/xj1jamZA-l42wt9E1.png,https://www.flashscore.com/team/matsumoto-yamaga/0lMXpXdr/
fwDHgzFc,Shonan Bellmare,JAPAN_J2/J3_LEAGUE___ROUND_1,https://static.flashscore.com/res/image/data/8WNf7vZg-ppTjXyRn.png,https://www.flashscore.com/team/shonan-bellmare/SIV5o8tI/
SIV5o8tI,Blaublitz,JAPAN_J2/J3_LEAGUE___ROUND_1,https://static.flashscore.com/res/image/data/0AdeOxEa-GIj6ZXII.png,https://www.flashscore.com/team/blaublitz/fwDHgzFc/
2uKzonBU,Yokohama FC,JAPAN_J2/J3_LEAGUE___ROUND_1,https://static.flashscore.com/res/image/data/46ZG5yCr-0MUJCQpC.png,https://www.flashscore.com/team/yokohama-fc/OlLWoSeO/
OlLWoSeO,Montedio Yamagata,JAPAN_J2/J3_LEAGUE___ROUND_1,https://static.flashscore.com/res/image/data/MPYWA9HG-Uc4CHyL0.png,https://www.flashscore.com/team/montedio-yamagata/2uKzonBU/
SSr7kDGC,Brisbane Roar,AUSTRALIA_A_LEAGUE___ROUND_16,https://static.flashscore.com/res/image/data/SUOlzyXg-OlyE5V4J.png,https://www.flashscore.com/team/brisbane-roar/SSr7kDGC/
Wzp1wFWg,Central Coast Mariners,AUSTRALIA_A_LEAGUE___ROUND_16,https://static.flashscore.com/res/image/data/fiS2QlWg-WloyQSJM.png,https://www.flashscore.com/team/central-coast/Wzp1wFWg/
6XqvdP8p,NWS Spirit,AUSTRALIA_NPL_NSW___ROUND_1,https://static.flashscore.com/res/image/data/QTifIQEa-neUHbHlC.png,https://www.flashscore.com/team/nws-spirit/6XqvdP8p/
SfKCW1H8,Sutherland Sharks,AUSTRALIA_NPL_NSW___ROUND_1,https://static.flashscore.com/res/image/data/Q5ClEUAr-nLVPwgJh.png,https://www.flashscore.com/team/sutherland-sharks/SfKCW1H8/
rV65FMHL,Bankstown City Lions,AUSTRALIA_NSW_LEAGUE_ONE___ROUND_1,https://static.flashscore.com/res/image/data/nJWRTfyB-QXLak3Y1.png,https://www.flashscore.com/team/bankstown-city-lions-fc/rV65FMHL/
6wbu9yrJ,Rydalmere Lions,AUSTRALIA_NSW_LEAGUE_ONE___ROUND_1,https://static.flashscore.com/res/image/data/WArzhUEG-2FSw5ZvK.png,https://www.flashscore.com/team/rydalmere-lions/6wbu9yrJ/
rJJl6Vtt,Cerezo Osaka,JAPAN_J1_LEAGUE___ROUND_1,https://static.flashscore.com/res/image/data/UPIOwxZA-8l3GGez7.png,https://www.flashscore.com/team/cerezo-osaka/rJJl6Vtt/
zLQAGOBK,Gamba Osaka,JAPAN_J1_LEAGUE___ROUND_1,https://static.flashscore.com/res/image/data/8Eq347h5-WCk3MDxq.png,https://www.flashscore.com/team/gamba-osaka/zLQAGOBK/
4jKYneGa,Taichung Blue W,TAIWAN_MULAN_FOOTBALL_LEAGUE_WOMEN___ROUND_14,https://static.flashscore.com/res/image/data/IZYva9FG-z1CDRwXC.png,https://www.flashscore.com/team/taichung-blue/4hGuyBYH/
4hGuyBYH,AC Taipei W,TAIWAN_MULAN_FOOTBALL_LEAGUE_WOMEN___ROUND_14,https://static.flashscore.com/res/image/data/dMXKj9xS-EsAeyoqD.png,https://www.flashscore.com/team/ac-taipei/4jKYneGa/
MHPVIn6U,Kaya,PHILIPPINES_PFL___ROUND_13,https://static.flashscore.com/res/image/data/4GYXoIHG-WKgeQBsR.png,https://www.flashscore.com/team/kaya-fc/EXYIQcj1/
EXYIQcj1,Don Bosco Garelli,PHILIPPINES_PFL___ROUND_13,https://static.flashscore.com/res/image/data/jcE3P0EG-U3HXHJ8f.png,https://www.flashscore.com/team/don-bosco-garelli/MHPVIn6U/
zqCuzbyG,Valkyrie W,TAIWAN_MULAN_FOOTBALL_LEAGUE_WOMEN___ROUND_14,https://static.flashscore.com/res/image/data/8499TMeM-hOgd1NfD.png,https://www.flashscore.com/team/valkyrie/8rHkqDFO/
8rHkqDFO,Kaohsiung W,TAIWAN_MULAN_FOOTBALL_LEAGUE_WOMEN___ROUND_14,https://static.flashscore.com/res/image/data/Ot3MsMHG-dKdEORHS.png,https://www.flashscore.com/team/kaohsiung-attackers/zqCuzbyG/
hrmFrjOc,St George Saints,AUSTRALIA_NPL_NSW___ROUND_1,https://static.flashscore.com/res/image/data/zZUbZaFa-hYrQg51l.png,https://www.flashscore.com/team/st-george-saints/hrmFrjOc/
4ORPPwPl,Wollongong Wolves,AUSTRALIA_NPL_NSW___ROUND_1,https://static.flashscore.com/res/image/data/jRj8tVh5-nuKJ7qCF.png,https://www.flashscore.com/team/wollongong/4ORPPwPl/
84SKUunL,Marconi Stallions,AUSTRALIA_NPL_NSW___ROUND_1,https://static.flashscore.com/res/image/data/xpdGfryS-OnQ7q5Bq.png,https://www.flashscore.com/team/marconi-stallions/Iy9d7bP1/
Iy9d7bP1,APIA Leichhardt,AUSTRALIA_NPL_NSW___ROUND_1,https://static.flashscore.com/res/image/data/2oV47CcM-t4Myr8RK.png,https://www.flashscore.com/team/apia-leichhardt/84SKUunL/
KlSzvPd2,Bulls Academy,AUSTRALIA_NSW_LEAGUE_ONE___ROUND_1,https://static.flashscore.com/res/image/data/p8FW5SAr-ro6NP2eG.png,https://www.flashscore.com/team/bulls-academy/KlSzvPd2/
OW9O6d1j,Inter Lions,AUSTRALIA_NSW_LEAGUE_ONE___ROUND_1,https://static.flashscore.com/res/image/data/xEz6WxeM-bNep5M6n.png,https://www.flashscore.com/team/inter-lions/OW9O6d1j/
0bNJ74JO,Northern Tigers,AUSTRALIA_NSW_LEAGUE_ONE___ROUND_1,https://static.flashscore.com/res/image/data/WvKTQjhl-GGN0FKn1.png,https://www.flashscore.com/team/northern-tigers/GnAYrbjA/
GnAYrbjA,Canterbury Bankstown,AUSTRALIA_NSW_LEAGUE_ONE___ROUND_1,https://static.flashscore.com/res/image/data/84kITLXg-A9s1svuS.png,https://www.flashscore.com/team/canterbury-bankstown-fc/0bNJ74JO/
OfzUZGy6,Kolos Kovalivka (Ukr),WORLD_CLUB_FRIENDLY,https://static.flashscore.com/res/image/data/CxxhPqxS-reHWnXse.png,https://www.flashscore.com/team/kolos-kovalivka/OfzUZGy6/
2m6zvQp5,LNZ Cherkasy (Ukr),WORLD_CLUB_FRIENDLY,https://static.flashscore.com/res/image/data/OS92xOwS-h2MXGMKq.png,https://www.flashscore.com/team/lnz-cherkasy/2m6zvQp5/
rmpC8wo6,Neftekhimik (Rus),WORLD_CLUB_FRIENDLY,https://static.flashscore.com/res/image/data/fZQfQZ9r-QkurBi2t.png,https://www.flashscore.com/team/neftekhimik/tpeZ7HFI/
tpeZ7HFI,Kirov (Rus),WORLD_CLUB_FRIENDLY,https://static.flashscore.com/res/image/data/hlK5WIwS-URieRaLe.png,https://www.flashscore.com/team/kirov/rmpC8wo6/
bH2GTTSR,Opava (Cze),WORLD_CLUB_FRIENDLY,https://static.flashscore.com/res/image/data/ptvbnJyS-GhXTKbk2.png,https://www.flashscore.com/team/opava/0EDHzr4L/
0EDHzr4L,CSM Resita (Rou),WORLD_CLUB_FRIENDLY,https://static.flashscore.com/res/image/data/StzemKWg-IoNPodjU.png,https://www.flashscore.com/team/csm-resita/bH2GTTSR/
8Q1StIAl,Dulwich Hill,AUSTRALIA_NSW_LEAGUE_ONE___ROUND_1,https://static.flashscore.com/res/image/data/dYeydEe5-nDwvs1mk.png,https://www.flashscore.com/team/dulwich-hill/8Q1StIAl/
bVkuzCZ4,Hakoah Sydney,AUSTRALIA_NSW_LEAGUE_ONE___ROUND_1,https://static.flashscore.com/res/image/data/SCDCAUFG-IiKgau8S.png,https://www.flashscore.com/team/hakoah-sydney/bVkuzCZ4/
nyIyTwTm,Bangladesh U19 W,WORLD_FRIENDLY_INTERNATIONAL_WOMEN,https://static.flashscore.com/res/image/data/W83rjiYg-x6WD0lsO.png,https://www.flashscore.com/team/bangladesh/nyIyTwTm/
YaXU6dCG,India U17 W,WORLD_FRIENDLY_INTERNATIONAL_WOMEN,https://static.flashscore.com/res/image/data/UslLOQYg-4CC77yyQ.png,https://www.flashscore.com/team/india/YaXU6dCG/
EXZ8gB7h,Melbourne Victory W,AUSTRALIA_A_LEAGUE_WOMEN___ROUND_16,https://static.flashscore.com/res/image/data/rRKDOgil-hWZsLFUO.png,https://www.flashscore.com/team/melbourne-victory/EXZ8gB7h/
vesnzl7U,Newcastle W,AUSTRALIA_A_LEAGUE_WOMEN___ROUND_16,https://static.flashscore.com/res/image/data/869LIpyB-SbRey5Zo.png,https://www.flashscore.com/team/newcastle/vesnzl7U/
nwyOlpIL,FC Bhayangkara,INDONESIA_SUPER_LEAGUE___ROUND_20,https://static.flashscore.com/res/image/data/8jnKBPkl-UBTLvuxH.png,https://www.flashscore.com/team/fc-bhayangkara/6gEuDIDT/
6gEuDIDT,Borneo,INDONESIA_SUPER_LEAGUE___ROUND_20,https://static.flashscore.com/res/image/data/WtXOUJEG-SKnIGW8l.png,https://www.flashscore.com/team/borneo/nwyOlpIL/
tlmtk0qQ,GB FC,LAOS_LAO_LEAGUE___ROUND_13,https://static.flashscore.com/res/image/data/6mcj5qDa-2ZU8FHin.png,https://www.flashscore.com/team/gb-fc/tlmtk0qQ/
A5TODdLm,Young Elephant,LAOS_LAO_LEAGUE___ROUND_13,https://static.flashscore.com/res/image/data/2oNKHEzB-hY2UDbxR.png,https://www.flashscore.com/team/young-elephant/A5TODdLm/
IeUVbzhs,Persik Kediri,INDONESIA_SUPER_LEAGUE___ROUND_20,https://static.flashscore.com/res/image/data/IgemUgg5-fudV7NWp.png,https://www.flashscore.com/team/persik-kediri/MDFOmQ7H/
MDFOmQ7H,Dewa United,INDONESIA_SUPER_LEAGUE___ROUND_20,https://static.flashscore.com/res/image/data/nmnoOY9r-lrspFRA0.png,https://www.flashscore.com/team/dewa-united/IeUVbzhs/
OKfoGJBe,WS Wanderers,AUSTRALIA_A_LEAGUE___ROUND_16,https://static.flashscore.com/res/image/data/CM8C0Xh5-ELjhZ8l9.png,https://www.flashscore.com/team/western-sydney-wanderers/l00pXxBN/
l00pXxBN,Melbourne City,AUSTRALIA_A_LEAGUE___ROUND_16,https://static.flashscore.com/res/image/data/hIClxNAr-rL2rkgzd.png,https://www.flashscore.com/team/melbourne-city/OKfoGJBe/
INA42qzi,FK Humenne (Svk),WORLD_CLUB_FRIENDLY,https://static.flashscore.com/res/image/data/AZF5dFGG-hlD1IYb2.png,https://www.flashscore.com/team/fk-humenne/INA42qzi/
Glk4EkTo,Slavia TU Kosice (Svk),WORLD_CLUB_FRIENDLY,https://static.flashscore.com/res/image/data/6gpRDuyB-SSM2cqDD.png,https://www.flashscore.com/team/slavia-kosice/Glk4EkTo/
SfOWozo9,Benesov (Cze),WORLD_CLUB_FRIENDLY,https://static.flashscore.com/res/image/data/G2WTkwBr-nVEw3y7r.png,https://www.flashscore.com/team/benesov/SfOWozo9/
GMJK27qD,Motorlet Prague (Cze),WORLD_CLUB_FRIENDLY,https://static.flashscore.com/res/image/data/bNwvQbCa-WIbInKDU.png,https://www.flashscore.com/team/motorlet-prague/GMJK27qD/
27oZF415,Beltinci (Slo),WORLD_CLUB_FRIENDLY,https://static.flashscore.com/res/image/data/S6ueyNYA-EB9Z0sEO.png,https://www.flashscore.com/team/beltinci/27oZF415/
40QU6cXB,Varteks Varazdin (Cro),WORLD_CLUB_FRIENDLY,https://static.flashscore.com/res/image/data/IX5zC1FG-nmKIPn4A.png,https://www.flashscore.com/team/varteks-varazdin-2011/40QU6cXB/
KAja9Zgj,Hradec Kralove B (Cze),WORLD_CLUB_FRIENDLY,https://static.flashscore.com/res/image/data/lz7caJYA-GjzhU1rl.png,https://www.flashscore.com/team/hradec-kralove/biGSxbBS/
biGSxbBS,Dukla Prague B (Cze),WORLD_CLUB_FRIENDLY,https://static.flashscore.com/res/image/data/MayjeS9r-O0DiZMuB.png,https://www.flashscore.com/team/dukla-prague/KAja9Zgj/
Ghs8FE7N,Kolin (Cze),WORLD_CLUB_FRIENDLY,https://static.flashscore.com/res/image/data/GtiN5Ce5-WKyLv0gJ.png,https://www.flashscore.com/team/kolin/EuEPYusS/
EuEPYusS,Horni Redice (Cze),WORLD_CLUB_FRIENDLY,https://static.flashscore.com/res/image/data/xQ4pDAEG-Uo4ASzgB.png,https://www.flashscore.com/team/horni-redice/Ghs8FE7N/
KQOdJ0e1,Kosmonosy (Cze),WORLD_CLUB_FRIENDLY,https://static.flashscore.com/res/image/data/GUjw3rZg-Qww3GMDB.png,https://www.flashscore.com/team/kosmonosy/8f2RCz82/
8f2RCz82,Jablonec B (Cze),WORLD_CLUB_FRIENDLY,https://static.flashscore.com/res/image/data/vg71UDWg-YoLaAoMl.png,https://www.flashscore.com/team/jablonec/KQOdJ0e1/
M34GD2Gt,Noah (Arm),WORLD_CLUB_FRIENDLY,https://static.flashscore.com/res/image/data/Kng2HXdM-2mU8GaB3.png,https://www.flashscore.com/team/noah/IeATrtcs/
IeATrtcs,FC Astana (Kaz),WORLD_CLUB_FRIENDLY,https://static.flashscore.com/res/image/data/xQ4VYGzS-llrJz3e1.png,https://www.flashscore.com/team/fc-astana/M34GD2Gt/
MF3k2BPd,Pohronie (Svk),WORLD_CLUB_FRIENDLY,https://static.flashscore.com/res/image/data/IFRolBg5-t4QdFfaQ.png,https://www.flashscore.com/team/fk-pohronie/GSTtsLqt/
GSTtsLqt,Banik Prievidza (Svk),WORLD_CLUB_FRIENDLY,https://static.flashscore.com/res/image/data/jcQ1LmwS-4zDt56EA.png,https://www.flashscore.com/team/banik-prievidza/MF3k2BPd/
nsxXAIia,Meteor Prague (Cze),WORLD_CLUB_FRIENDLY,https://static.flashscore.com/res/image/data/hv8J0eXg-bNsKOrPC.png,https://www.flashscore.com/team/meteor-prague/nsxXAIia/
29pnwlUc,Zapy (Cze),WORLD_CLUB_FRIENDLY,https://static.flashscore.com/res/image/data/E1YIfnHG-r5EdMJr6.png,https://www.flashscore.com/team/zapy/29pnwlUc/
WSpInAkB,Polanka nad Odrou (Cze),WORLD_CLUB_FRIENDLY,https://static.flashscore.com/res/image/data/hzA9fYjl-zPzLdyS7.png,https://www.flashscore.com/team/polanka-nad-odrou/GjppWpLj/
GjppWpLj,Brumov (Cze),WORLD_CLUB_FRIENDLY,https://static.flashscore.com/res/image/data/Sxn2W3dM-tCxZ17Mc.png,https://www.flashscore.com/team/brumov/WSpInAkB/
tIYDbgDm,Slavia Prague U20 (Cze),WORLD_CLUB_FRIENDLY,https://static.flashscore.com/res/image/data/6LYetVfM-vTXT3LjJ.png,https://www.flashscore.com/team/slavia-prague/CrrN9wRN/
CrrN9wRN,Pardubice B (Cze),WORLD_CLUB_FRIENDLY,https://static.flashscore.com/res/image/data/6aTo23dM-SWpJk4rp.png,https://www.flashscore.com/team/pardubice/tIYDbgDm/
U7FOTziM,Spisska Nova Ves (Svk),WORLD_CLUB_FRIENDLY,https://static.flashscore.com/res/image/data/baZhUCwS-Sb5FILYk.png,https://www.flashscore.com/team/spisska-nova-ves/U7FOTziM/
6Nr1mrIk,Lubovna (Svk),WORLD_CLUB_FRIENDLY,https://static.flashscore.com/res/image/data/EsUBrGBr-SWESPnrA.png,https://www.flashscore.com/team/stara-lubovna/6Nr1mrIk/
hCiUSaf2,Tempo Prague (Cze),WORLD_CLUB_FRIENDLY,https://static.flashscore.com/res/image/data/KjYivNYg-6oU6qZ0K.png,https://www.flashscore.com/team/tempo-prague/tfHXeFeQ/
tfHXeFeQ,FK Komarov (Cze),WORLD_CLUB_FRIENDLY,https://static.flashscore.com/res/image/data/A1HJ8SfM-QcVdyYni.png,https://www.flashscore.com/team/fk-komarov/hCiUSaf2/
pQAxlRVL,Triglav (Slo),WORLD_CLUB_FRIENDLY,https://static.flashscore.com/res/image/data/Ee2gI9eM-SObuJ8lK.png,https://www.flashscore.com/team/triglav/vuyqLqnk/
vuyqLqnk,Rukh Lviv (Ukr),WORLD_CLUB_FRIENDLY,https://static.flashscore.com/res/image/data/MLx366il-vPBjrhhc.png,https://www.flashscore.com/team/rukh-lviv/pQAxlRVL/
MgxTd1Lp,VfB Oldenburg (Ger),WORLD_CLUB_FRIENDLY,https://static.flashscore.com/res/image/data/8ILVGKeM-lrRNKE7p.png,https://www.flashscore.com/team/vfb-oldenburg/fLhfB37a/
fLhfB37a,Jeddeloh (Ger),WORLD_CLUB_FRIENDLY,https://static.flashscore.com/res/image/data/OWniqrf5-Me1TCQhp.png,https://www.flashscore.com/team/jeddeloh/MgxTd1Lp/
nBaemIaU,Zlin B (Cze),WORLD_CLUB_FRIENDLY,https://static.flashscore.com/res/image/data/G2UinWBr-EPO4eYDP.png,https://www.flashscore.com/team/zlin/jJETZiAt/
jJETZiAt,Uhersky Brod (Cze),WORLD_CLUB_FRIENDLY,https://static.flashscore.com/res/image/data/SpTNKvXg-pjxI1qH0.png,https://www.flashscore.com/team/uhersky-brod/nBaemIaU/
UkaqAx75,Brozany (Cze),WORLD_CLUB_FRIENDLY,https://static.flashscore.com/res/image/data/CQtGc0zB-Ug0lQn10.png,https://www.flashscore.com/team/brozany/pb7cIgFA/
pb7cIgFA,Admira Prague (Cze),WORLD_CLUB_FRIENDLY,https://static.flashscore.com/res/image/data/SSEyz8Ea-bwnYfdyL.png,https://www.flashscore.com/team/admira-prague/UkaqAx75/
Ac6FOcar,Dnepr Mogilev (Blr),WORLD_CLUB_FRIENDLY,https://static.flashscore.com/res/image/data/U1hVB7Br-n3EODL5E.png,https://www.flashscore.com/team/dnepr-mogilev/Ac6FOcar/
As405FJb,FC Gomel (Blr),WORLD_CLUB_FRIENDLY,https://static.flashscore.com/res/image/data/lQspHeCa-8IAnrpV2.png,https://www.flashscore.com/team/fc-gomel/As405FJb/
Uqe7mwdr,Varnsdorf (Cze),WORLD_CLUB_FRIENDLY,https://static.flashscore.com/res/image/data/xnqvBIfM-t8zCXcz7.png,https://www.flashscore.com/team/varnsdorf/IsUetO2E/
IsUetO2E,Hradek nad Nisou (Cze),WORLD_CLUB_FRIENDLY,https://static.flashscore.com/res/image/data/Y5PnEtwS-ARG1Lsgr.png,https://www.flashscore.com/team/hradek-nad-nisou/Uqe7mwdr/
jq7MrgUe,Tuloy,PHILIPPINES_PFL___ROUND_13,https://static.flashscore.com/res/image/data/rJNHBSEa-6N76cNOA.png,https://www.flashscore.com/team/tuloy/rRQRJSjO/
rRQRJSjO,Philippine Army,PHILIPPINES_PFL___ROUND_13,https://static.flashscore.com/res/image/data/ChXx65Xg-d8YaLjT0.png,https://www.flashscore.com/team/philippine-army/jq7MrgUe/
YF6nYqJ7,AS Roma U20,ITALY_PRIMAVERA_1___ROUND_24,https://static.flashscore.com/res/image/data/noX9AWjl-fXL28CHk.png,https://www.flashscore.com/team/as-roma/YF6nYqJ7/
zDpdICPp,Genoa U20,ITALY_PRIMAVERA_1___ROUND_24,https://static.flashscore.com/res/image/data/KrBvQzWg-hCD6m1R3.png,https://www.flashscore.com/team/genoa/zDpdICPp/
boEfbzat,Monza U20,ITALY_PRIMAVERA_1___ROUND_24,https://static.flashscore.com/res/image/data/Ojl7Lxil-dvyZ48ZA.png,https://www.flashscore.com/team/monza/tEbXWFBs/
tEbXWFBs,Lecce U20,ITALY_PRIMAVERA_1___ROUND_24,https://static.flashscore.com/res/image/data/KCT5kBg5-fq0nHBOl.png,https://www.flashscore.com/team/lecce/boEfbzat/
0zjHr0CN,Bidco United,KENYA_PREMIER_LEAGUE___ROUND_20,https://static.flashscore.com/res/image/data/WtVky9GG-traGRhJJ.png,https://www.flashscore.com/team/bidco-united/0zjHr0CN/
OfdPtDuK,Kakamega Homeboyz,KENYA_PREMIER_LEAGUE___ROUND_20,https://static.flashscore.com/res/image/data/p8djUCCa-QelqBqRP.png,https://www.flashscore.com/team/kakamega-homeboyz/OfdPtDuK/
U5BqZHjM,Hualien W,TAIWAN_MULAN_FOOTBALL_LEAGUE_WOMEN___ROUND_14,https://static.flashscore.com/res/image/data/rgxGe8wS-UB1lXcOD.png,https://www.flashscore.com/team/hualien/StiKSFTk/
StiKSFTk,Hang Yuan W,TAIWAN_MULAN_FOOTBALL_LEAGUE_WOMEN___ROUND_14,https://static.flashscore.com/res/image/data/QiQoEsZA-nkPOoc0O.png,https://www.flashscore.com/team/hang-yuan/U5BqZHjM/
K22PejaU,Taipei Bravo W,TAIWAN_MULAN_FOOTBALL_LEAGUE_WOMEN___ROUND_14,https://static.flashscore.com/res/image/data/IJnsz6zB-8MhPLQtl.png,https://www.flashscore.com/team/taipei-bravo/ljhGTeEq/
ljhGTeEq,Taichung Sakura W,TAIWAN_MULAN_FOOTBALL_LEAGUE_WOMEN___ROUND_14,https://static.flashscore.com/res/image/data/Qul35sHG-AcmyAXm7.png,https://www.flashscore.com/team/taichung-sakura/K22PejaU/
